symbol,open_time,close_time,open,high,low,close,volume
BTCUSDT,2023-12-31 16:00:00,2023-12-31 19:59:59,42283.58000000,42775.00000000,42230.08000000,42330.49000000,3948.08335000
BTCUSDT,2023-12-31 20:00:00,2023-12-31 23:59:59,42330.50000000,42500.00000000,42180.77000000,42492.46000000,2706.99880000
BTCUSDT,2024-01-01 00:00:00,2024-01-01 03:59:59,42492.46000000,42762.39000000,42452.58000000,42690.20000000,2948.80274000
BTCUSDT,2024-01-01 04:00:00,2024-01-01 07:59:59,42690.21000000,42847.07000000,42580.00000000,42783.05000000,2936.44406000
BTCUSDT,2024-01-01 08:00:00,2024-01-01 11:59:59,42783.05000000,43550.00000000,42664.42000000,43517.99000000,5686.97164000
BTCUSDT,2024-01-01 12:00:00,2024-01-01 15:59:59,43517.98000000,44184.10000000,43361.60000000,44179.55000000,8946.99844000
BTCUSDT,2024-01-01 16:00:00,2024-01-01 19:59:59,44179.55000000,45500.00000000,44148.34000000,45402.38000000,17093.28659000
BTCUSDT,2024-01-01 20:00:00,2024-01-01 23:59:59,45402.38000000,45643.75000000,45121.96000000,45455.53000000,8388.42302000
BTCUSDT,2024-01-02 00:00:00,2024-01-02 03:59:59,45455.52000000,45879.63000000,45200.00000000,45433.99000000,10027.39458000
BTCUSDT,2024-01-02 04:00:00,2024-01-02 07:59:59,45433.99000000,45800.00000000,44833.33000000,45184.82000000,13236.12915000
BTCUSDT,2024-01-02 08:00:00,2024-01-02 11:59:59,45184.83000000,45399.84000000,44790.96000000,45039.49000000,9745.60445000
BTCUSDT,2024-01-02 12:00:00,2024-01-02 15:59:59,45039.49000000,45297.26000000,44600.00000000,44946.91000000,6655.56882000
BTCUSDT,2024-01-02 16:00:00,2024-01-02 19:59:59,44946.91000000,45410.91000000,44862.11000000,45262.69000000,4750.68596000
BTCUSDT,2024-01-02 20:00:00,2024-01-02 23:59:59,45262.70000000,45384.84000000,44940.93000000,45011.77000000,4691.11517000
BTCUSDT,2024-01-03 00:00:00,2024-01-03 03:59:59,45011.77000000,45500.00000000,43500.00000000,43702.88000000,13237.52778000
BTCUSDT,2024-01-03 04:00:00,2024-01-03 07:59:59,43702.89000000,43716.00000000,40750.00000000,43000.01000000,35484.15210000
BTCUSDT,2024-01-03 08:00:00,2024-01-03 11:59:59,43000.01000000,43567.92000000,42000.00000000,42596.67000000,16895.34192000
BTCUSDT,2024-01-03 12:00:00,2024-01-03 15:59:59,42596.66000000,42966.27000000,42518.70000000,42845.23000000,6135.72880000
BTCUSDT,2024-01-03 16:00:00,2024-01-03 19:59:59,42845.23000000,43220.56000000,42613.77000000,43102.80000000,5488.13855000
BTCUSDT,2024-01-03 20:00:00,2024-01-03 23:59:59,43102.79000000,43273.08000000,42756.97000000,42763.08000000,5443.39629000
BTCUSDT,2024-01-04 00:00:00,2024-01-04 03:59:59,42763.08000000,43233.81000000,42616.28000000,43176.32000000,6746.40949000
BTCUSDT,2024-01-04 04:00:00,2024-01-04 07:59:59,43176.33000000,44329.99000000,43097.06000000,44051.10000000,11599.01023000
BTCUSDT,2024-01-04 08:00:00,2024-01-04 11:59:59,44051.10000000,44437.50000000,43777.86000000,43956.48000000,9399.52176000
BTCUSDT,2024-01-04 12:00:00,2024-01-04 15:59:59,43956.48000000,44729.58000000,43890.90000000,44151.10000000,9361.58702000
BTCUSDT,2024-01-04 16:00:00,2024-01-04 19:59:59,44151.10000000,44284.00000000,42450.00000000,43465.21000000,11721.50264000
BTCUSDT,2024-01-04 20:00:00,2024-01-04 23:59:59,43465.21000000,43926.00000000,43187.89000000,43777.47000000,4949.61031000
BTCUSDT,2024-01-05 00:00:00,2024-01-05 03:59:59,43777.48000000,44324.80000000,43433.00000000,43771.34000000,7055.63723000
BTCUSDT,2024-01-05 04:00:00,2024-01-05 07:59:59,43771.34000000,44110.07000000,43100.00000000,43500.01000000,10044.28040000
BTCUSDT,2024-01-05 08:00:00,2024-01-05 11:59:59,43500.01000000,43808.07000000,43100.46000000,43600.00000000,7460.07613000
BTCUSDT,2024-01-05 12:00:00,2024-01-05 15:59:59,43600.00000000,44357.46000000,43580.51000000,44145.11000000,6844.14656000
BTCUSDT,2024-01-05 16:00:00,2024-01-05 19:59:59,44145.12000000,44214.42000000,43812.50000000,43931.10000000,3123.46193000
BTCUSDT,2024-01-05 20:00:00,2024-01-05 23:59:59,43931.10000000,43971.10000000,43397.05000000,43653.20000000,4242.79756000
BTCUSDT,2024-01-06 00:00:00,2024-01-06 03:59:59,43653.20000000,43771.10000000,43551.28000000,43671.96000000,2449.54997000
BTCUSDT,2024-01-06 04:00:00,2024-01-06 07:59:59,43671.97000000,43920.08000000,43527.27000000,43867.17000000,2610.13838000
BTCUSDT,2024-01-06 08:00:00,2024-01-06 11:59:59,43867.17000000,44148.58000000,43828.50000000,43906.36000000,2971.24432000
BTCUSDT,2024-01-06 12:00:00,2024-01-06 15:59:59,43906.35000000,43980.00000000,43611.19000000,43968.32000000,2437.86928000
BTCUSDT,2024-01-06 16:00:00,2024-01-06 19:59:59,43968.32000000,44259.29000000,43833.40000000,43940.41000000,3397.43777000
BTCUSDT,2024-01-06 20:00:00,2024-01-06 23:59:59,43940.41000000,44100.00000000,43843.52000000,44080.00000000,2347.11787000
BTCUSDT,2024-01-07 00:00:00,2024-01-07 03:59:59,44080.00000000,44167.81000000,43880.65000000,44061.10000000,3023.73501000
BTCUSDT,2024-01-07 04:00:00,2024-01-07 07:59:59,44061.10000000,44480.59000000,43945.15000000,44047.57000000,5972.98911000
BTCUSDT,2024-01-07 08:00:00,2024-01-07 11:59:59,44047.57000000,44262.53000000,43700.00000000,44244.77000000,3590.89146000
BTCUSDT,2024-01-07 12:00:00,2024-01-07 15:59:59,44244.77000000,44269.92000000,43572.09000000,43929.02000000,4691.67958000
BTCUSDT,2024-01-07 16:00:00,2024-01-07 19:59:59,43929.01000000,43986.00000000,43175.00000000,43518.20000000,7371.99098000
BTCUSDT,2024-01-07 20:00:00,2024-01-07 23:59:59,43518.20000000,44341.80000000,43430.79000000,43974.55000000,7157.43221000
BTCUSDT,2024-01-08 00:00:00,2024-01-08 03:59:59,43974.55000000,44688.00000000,43641.73000000,44635.99000000,6636.26767000
BTCUSDT,2024-01-08 04:00:00,2024-01-08 07:59:59,44636.00000000,45333.00000000,44350.00000000,44963.04000000,17212.53878000
BTCUSDT,2024-01-08 08:00:00,2024-01-08 11:59:59,44963.04000000,47248.99000000,44793.97000000,46979.35000000,24462.97732000
BTCUSDT,2024-01-08 12:00:00,2024-01-08 15:59:59,46979.36000000,47207.16000000,46653.84000000,46951.04000000,9973.36893000
BTCUSDT,2024-01-08 16:00:00,2024-01-08 19:59:59,46951.04000000,47150.00000000,46230.00000000,46926.96000000,10102.12931000
BTCUSDT,2024-01-08 20:00:00,2024-01-08 23:59:59,46926.96000000,46940.00000000,46599.43000000,46825.51000000,4707.40981000
BTCUSDT,2024-01-09 00:00:00,2024-01-09 03:59:59,46825.52000000,46874.94000000,46381.10000000,46615.99000000,6018.83491000
BTCUSDT,2024-01-09 04:00:00,2024-01-09 07:59:59,46616.00000000,47051.21000000,45450.00000000,46868.09000000,15811.82358000
BTCUSDT,2024-01-09 08:00:00,2024-01-09 11:59:59,46868.08000000,46975.00000000,46500.00000000,46876.01000000,7310.48299000
BTCUSDT,2024-01-09 12:00:00,2024-01-09 15:59:59,46876.00000000,47972.00000000,44748.67000000,46110.00000000,25976.98557000
BTCUSDT,2024-01-09 16:00:00,2024-01-09 19:59:59,46110.00000000,46249.14000000,45622.00000000,46117.10000000,6964.52629000
BTCUSDT,2024-01-09 20:00:00,2024-01-09 23:59:59,46117.10000000,46186.00000000,45734.56000000,45757.98000000,4441.30134000
BTCUSDT,2024-01-10 00:00:00,2024-01-10 03:59:59,45757.98000000,45861.10000000,45000.00000000,45515.89000000,8371.11286000
BTCUSDT,2024-01-10 04:00:00,2024-01-10 07:59:59,45515.88000000,45662.01000000,44300.36000000,45546.40000000,17519.34998000
BTCUSDT,2024-01-10 08:00:00,2024-01-10 11:59:59,45546.39000000,46666.00000000,45173.97000000,46489.18000000,17808.51212000
BTCUSDT,2024-01-10 12:00:00,2024-01-10 15:59:59,46489.19000000,47695.93000000,44800.00000000,46653.99000000,34806.60944000
BTCUSDT,2024-01-10 16:00:00,2024-01-10 19:59:59,46654.00000000,46750.00000000,46200.00000000,46502.16000000,7964.91500000
BTCUSDT,2024-01-10 20:00:00,2024-01-10 23:59:59,46502.17000000,46507.08000000,45618.10000000,46101.40000000,7551.87335000
BTCUSDT,2024-01-11 00:00:00,2024-01-11 03:59:59,46101.40000000,47150.00000000,46052.00000000,47060.00000000,8538.48554000
BTCUSDT,2024-01-11 04:00:00,2024-01-11 07:59:59,47059.99000000,48969.48000000,46463.19000000,46783.78000000,36318.80534000
BTCUSDT,2024-01-11 08:00:00,2024-01-11 11:59:59,46783.77000000,47022.07000000,45606.06000000,46692.30000000,19172.26590000
BTCUSDT,2024-01-11 12:00:00,2024-01-11 15:59:59,46692.29000000,46975.00000000,46084.69000000,46339.16000000,7923.98447000
BTCUSDT,2024-01-11 16:00:00,2024-01-11 19:59:59,46339.16000000,46515.53000000,45898.00000000,45994.00000000,5377.44001000
BTCUSDT,2024-01-11 20:00:00,2024-01-11 23:59:59,45994.01000000,46366.00000000,45742.49000000,46008.19000000,5766.26871000
BTCUSDT,2024-01-12 00:00:00,2024-01-12 03:59:59,46008.19000000,46267.00000000,45537.37000000,45954.35000000,7038.70566000
BTCUSDT,2024-01-12 04:00:00,2024-01-12 07:59:59,45954.35000000,46109.00000000,44333.44000000,44462.01000000,19196.21655000
BTCUSDT,2024-01-12 08:00:00,2024-01-12 11:59:59,44462.00000000,44675.88000000,43212.00000000,43472.55000000,26388.04032000
BTCUSDT,2024-01-12 12:00:00,2024-01-12 15:59:59,43472.56000000,43981.10000000,41500.00000000,42782.73000000,22561.26582000
BTCUSDT,2024-01-12 16:00:00,2024-01-12 19:59:59,42782.74000000,42997.29000000,42436.12000000,42609.94000000,9945.53429000
BTCUSDT,2024-01-12 20:00:00,2024-01-12 23:59:59,42609.94000000,43254.03000000,42555.84000000,43102.97000000,6237.82222000
BTCUSDT,2024-01-13 00:00:00,2024-01-13 03:59:59,43102.97000000,43254.96000000,42509.11000000,42624.00000000,6962.30044000
BTCUSDT,2024-01-13 04:00:00,2024-01-13 07:59:59,42624.01000000,43257.00000000,42505.00000000,43154.48000000,6063.35625000
BTCUSDT,2024-01-13 08:00:00,2024-01-13 11:59:59,43154.48000000,43185.00000000,42724.39000000,42786.25000000,4181.84325000
BTCUSDT,2024-01-13 12:00:00,2024-01-13 15:59:59,42786.25000000,43040.01000000,42699.52000000,42847.99000000,2727.61819000
BTCUSDT,2024-01-13 16:00:00,2024-01-13 19:59:59,42847.99000000,42890.23000000,42643.98000000,42681.82000000,2769.17313000
BTCUSDT,2024-01-13 20:00:00,2024-01-13 23:59:59,42681.82000000,43060.00000000,42562.56000000,43011.44000000,3036.75324000
BTCUSDT,2024-01-14 00:00:00,2024-01-14 03:59:59,43011.44000000,43079.00000000,42759.34000000,42829.99000000,2885.27669000
BTCUSDT,2024-01-14 04:00:00,2024-01-14 07:59:59,42829.99000000,43005.25000000,42710.00000000,42904.38000000,3635.86614000
BTCUSDT,2024-01-14 08:00:00,2024-01-14 11:59:59,42904.39000000,43010.84000000,42632.59000000,42660.00000000,4024.36820000
BTCUSDT,2024-01-14 12:00:00,2024-01-14 15:59:59,42660.00000000,42745.98000000,41720.00000000,41732.35000000,11876.97154000
BTCUSDT,2024-01-14 16:00:00,2024-01-14 19:59:59,41732.35000000,42640.00000000,41718.05000000,42565.99000000,5828.29771000
BTCUSDT,2024-01-14 20:00:00,2024-01-14 23:59:59,42565.99000000,42824.68000000,42499.01000000,42714.78000000,4383.51739000
BTCUSDT,2024-01-15 00:00:00,2024-01-15 03:59:59,42714.78000000,42775.00000000,42540.00000000,42697.99000000,3812.52325000
BTCUSDT,2024-01-15 04:00:00,2024-01-15 07:59:59,42698.00000000,42958.03000000,42163.32000000,42278.99000000,8595.73488000
BTCUSDT,2024-01-15 08:00:00,2024-01-15 11:59:59,42278.99000000,43400.43000000,42249.00000000,42992.67000000,12331.30651000
BTCUSDT,2024-01-15 12:00:00,2024-01-15 15:59:59,42992.67000000,43114.45000000,42342.18000000,42511.10000000,5318.51329000
BTCUSDT,2024-01-15 16:00:00,2024-01-15 19:59:59,42511.10000000,42939.50000000,42466.88000000,42924.56000000,4025.27939000
BTCUSDT,2024-01-15 20:00:00,2024-01-15 23:59:59,42924.57000000,42946.05000000,42606.92000000,42791.13000000,3648.24949000
BTCUSDT,2024-01-16 00:00:00,2024-01-16 03:59:59,42791.14000000,43153.66000000,42720.06000000,42900.54000000,4849.24572000
BTCUSDT,2024-01-16 04:00:00,2024-01-16 07:59:59,42900.55000000,43314.73000000,42050.00000000,43252.67000000,17967.98589000
BTCUSDT,2024-01-16 08:00:00,2024-01-16 11:59:59,43252.45000000,43434.00000000,42834.29000000,43166.11000000,7723.95687000
BTCUSDT,2024-01-16 12:00:00,2024-01-16 15:59:59,43166.10000000,43578.01000000,43060.69000000,43137.95000000,6831.02853000
BTCUSDT,2024-01-16 16:00:00,2024-01-16 19:59:59,43137.94000000,43198.00000000,42844.98000000,42849.00000000,3711.95254000
BTCUSDT,2024-01-16 20:00:00,2024-01-16 23:59:59,42849.00000000,42925.49000000,42619.60000000,42655.94000000,3612.23610000
BTCUSDT,2024-01-17 00:00:00,2024-01-17 03:59:59,42655.95000000,42850.55000000,42564.00000000,42680.16000000,4412.74724000
BTCUSDT,2024-01-17 04:00:00,2024-01-17 07:59:59,42680.16000000,42926.02000000,42365.58000000,42482.79000000,9542.90182000
BTCUSDT,2024-01-17 08:00:00,2024-01-17 11:59:59,42482.80000000,42745.99000000,42200.69000000,42611.11000000,6233.49263000
BTCUSDT,2024-01-17 12:00:00,2024-01-17 15:59:59,42611.10000000,42876.48000000,42450.00000000,42776.10000000,5752.88355000
BTCUSDT,2024-01-17 16:00:00,2024-01-17 19:59:59,42776.09000000,42784.40000000,42502.19000000,42592.05000000,2777.25237000
BTCUSDT,2024-01-17 20:00:00,2024-01-17 23:59:59,42592.04000000,42922.00000000,42589.00000000,42915.33000000,3393.11338000
BTCUSDT,2024-01-18 00:00:00,2024-01-18 03:59:59,42915.32000000,42930.00000000,42387.68000000,42544.59000000,4867.13625000
BTCUSDT,2024-01-18 04:00:00,2024-01-18 07:59:59,42544.60000000,42810.00000000,42353.80000000,42619.32000000,5286.53164000
BTCUSDT,2024-01-18 08:00:00,2024-01-18 11:59:59,42619.31000000,42619.32000000,40831.99000000,41022.32000000,17408.65530000
BTCUSDT,2024-01-18 12:00:00,2024-01-18 15:59:59,41022.33000000,41366.99000000,40683.28000000,41327.50000000,10174.82747000
BTCUSDT,2024-01-18 16:00:00,2024-01-18 19:59:59,41327.51000000,41370.99000000,40752.26000000,41055.87000000,5747.52107000
BTCUSDT,2024-01-18 20:00:00,2024-01-18 23:59:59,41055.88000000,41576.00000000,41038.81000000,41284.25000000,5252.30425000
BTCUSDT,2024-01-19 00:00:00,2024-01-19 03:59:59,41284.26000000,41509.69000000,41143.33000000,41475.37000000,4432.77110000
BTCUSDT,2024-01-19 04:00:00,2024-01-19 07:59:59,41475.37000000,41488.20000000,40718.00000000,40894.71000000,9260.88788000
BTCUSDT,2024-01-19 08:00:00,2024-01-19 11:59:59,40894.71000000,41979.00000000,40280.00000000,41814.27000000,16100.60089000
BTCUSDT,2024-01-19 12:00:00,2024-01-19 15:59:59,41814.27000000,42196.86000000,41517.60000000,41659.03000000,7548.66040000
BTCUSDT,2024-01-19 16:00:00,2024-01-19 19:59:59,41659.03000000,41700.00000000,41456.30000000,41634.65000000,2986.21230000
BTCUSDT,2024-01-19 20:00:00,2024-01-19 23:59:59,41634.64000000,41774.00000000,41564.81000000,41650.95000000,2111.60902000
BTCUSDT,2024-01-20 00:00:00,2024-01-20 03:59:59,41650.95000000,41668.66000000,41459.02000000,41580.83000000,3106.35262000
BTCUSDT,2024-01-20 04:00:00,2024-01-20 07:59:59,41580.82000000,41700.00000000,41478.00000000,41570.11000000,2908.64220000
BTCUSDT,2024-01-20 08:00:00,2024-01-20 11:59:59,41570.10000000,41684.94000000,41526.36000000,41632.96000000,2143.21383000
BTCUSDT,2024-01-20 12:00:00,2024-01-20 15:59:59,41632.97000000,41872.56000000,41610.54000000,41696.04000000,2667.96496000
BTCUSDT,2024-01-20 16:00:00,2024-01-20 19:59:59,41696.05000000,41730.00000000,41629.87000000,41680.82000000,1600.89363000
BTCUSDT,2024-01-20 20:00:00,2024-01-20 23:59:59,41680.83000000,41691.11000000,41564.29000000,41648.51000000,1198.63686000
BTCUSDT,2024-01-21 00:00:00,2024-01-21 03:59:59,41648.50000000,41826.97000000,41648.50000000,41719.89000000,1972.92769000
BTCUSDT,2024-01-21 04:00:00,2024-01-21 07:59:59,41719.90000000,41881.39000000,41605.00000000,41656.28000000,2810.15162000
BTCUSDT,2024-01-21 08:00:00,2024-01-21 11:59:59,41656.27000000,41729.77000000,41525.00000000,41719.40000000,2101.04396000
BTCUSDT,2024-01-21 12:00:00,2024-01-21 15:59:59,41719.39000000,41811.10000000,41500.98000000,41580.33000000,2046.50925000
BTCUSDT,2024-01-21 16:00:00,2024-01-21 19:59:59,41580.32000000,41689.65000000,41058.22000000,41197.04000000,5194.67726000
BTCUSDT,2024-01-21 20:00:00,2024-01-21 23:59:59,41197.04000000,41321.17000000,40684.00000000,41043.70000000,6720.50069000
BTCUSDT,2024-01-22 00:00:00,2024-01-22 03:59:59,41043.70000000,41047.51000000,40364.63000000,40815.99000000,8780.28420000
BTCUSDT,2024-01-22 04:00:00,2024-01-22 07:59:59,40815.92000000,41244.06000000,40350.00000000,40771.99000000,9333.27767000
BTCUSDT,2024-01-22 08:00:00,2024-01-22 11:59:59,40772.00000000,40874.99000000,39431.58000000,39820.31000000,15416.76046000
BTCUSDT,2024-01-22 12:00:00,2024-01-22 15:59:59,39820.31000000,40343.18000000,39480.00000000,39568.02000000,9980.69883000
BTCUSDT,2024-01-22 16:00:00,2024-01-22 19:59:59,39568.02000000,40118.87000000,39511.10000000,40000.44000000,4446.81496000
BTCUSDT,2024-01-22 20:00:00,2024-01-22 23:59:59,40000.43000000,40176.74000000,39665.02000000,39780.00000000,3852.36638000
BTCUSDT,2024-01-23 00:00:00,2024-01-23 03:59:59,39780.01000000,39860.00000000,38657.00000000,38845.56000000,16327.77748000
BTCUSDT,2024-01-23 04:00:00,2024-01-23 07:59:59,38845.56000000,39460.00000000,38555.00000000,39204.00000000,14222.94133000
BTCUSDT,2024-01-23 08:00:00,2024-01-23 11:59:59,39204.00000000,39654.34000000,38925.20000000,39148.07000000,11699.79651000
BTCUSDT,2024-01-23 12:00:00,2024-01-23 15:59:59,39148.07000000,39907.23000000,39032.02000000,39897.60000000,7406.93685000
BTCUSDT,2024-01-23 16:00:00,2024-01-23 19:59:59,39897.59000000,40250.00000000,39570.43000000,39614.00000000,7508.24416000
BTCUSDT,2024-01-23 20:00:00,2024-01-23 23:59:59,39614.00000000,40191.97000000,39557.01000000,39981.09000000,6508.92980000
BTCUSDT,2024-01-24 00:00:00,2024-01-24 03:59:59,39981.09000000,40555.00000000,39859.51000000,40209.34000000,6433.12337000
BTCUSDT,2024-01-24 04:00:00,2024-01-24 07:59:59,40209.34000000,40298.86000000,39766.00000000,40050.71000000,8120.72045000
BTCUSDT,2024-01-24 08:00:00,2024-01-24 11:59:59,40050.72000000,40207.00000000,39615.76000000,39803.05000000,5715.16915000
BTCUSDT,2024-01-24 12:00:00,2024-01-24 15:59:59,39803.04000000,40175.11000000,39484.19000000,40084.88000000,5007.64168000
BTCUSDT,2024-01-24 16:00:00,2024-01-24 19:59:59,40084.89000000,40178.84000000,39914.00000000,40012.01000000,3484.65910000
BTCUSDT,2024-01-24 20:00:00,2024-01-24 23:59:59,40012.01000000,40135.37000000,39792.01000000,40130.00000000,3648.17041000
BTCUSDT,2024-01-25 00:00:00,2024-01-25 03:59:59,40130.00000000,40300.24000000,39957.44000000,40178.07000000,4623.83661000
BTCUSDT,2024-01-25 04:00:00,2024-01-25 07:59:59,40178.07000000,40283.82000000,39623.40000000,39804.24000000,8152.98130000
BTCUSDT,2024-01-25 08:00:00,2024-01-25 11:59:59,39804.23000000,40044.91000000,39550.00000000,39989.25000000,7402.16761000
BTCUSDT,2024-01-25 12:00:00,2024-01-25 15:59:59,39989.25000000,39995.99000000,39637.99000000,39961.09000000,3710.30350000
BTCUSDT,2024-01-25 16:00:00,2024-01-25 19:59:59,39961.09000000,40245.00000000,39822.52000000,40067.52000000,3180.57719000
BTCUSDT,2024-01-25 20:00:00,2024-01-25 23:59:59,40067.52000000,40220.00000000,39896.84000000,39969.99000000,3394.99518000
BTCUSDT,2024-01-26 00:00:00,2024-01-26 03:59:59,39970.00000000,41348.13000000,39962.14000000,41289.52000000,11523.32786000
BTCUSDT,2024-01-26 04:00:00,2024-01-26 07:59:59,41289.52000000,41588.00000000,40914.50000000,41422.99000000,12152.14087000
BTCUSDT,2024-01-26 08:00:00,2024-01-26 11:59:59,41422.98000000,42193.80000000,41405.31000000,42064.49000000,11360.11294000
BTCUSDT,2024-01-26 12:00:00,2024-01-26 15:59:59,42064.48000000,42246.82000000,41800.02000000,41823.51000000,5773.81322000
BTCUSDT,2024-01-26 16:00:00,2024-01-26 19:59:59,41823.51000000,41933.17000000,41708.00000000,41815.01000000,2776.36693000
BTCUSDT,2024-01-26 20:00:00,2024-01-26 23:59:59,41815.01000000,41890.00000000,41602.01000000,41710.14000000,2385.06661000
BTCUSDT,2024-01-27 00:00:00,2024-01-27 03:59:59,41710.15000000,41800.00000000,41394.34000000,41761.23000000,3747.33899000
BTCUSDT,2024-01-27 04:00:00,2024-01-27 07:59:59,41761.22000000,41894.87000000,41714.00000000,41814.00000000,2106.62255000
BTCUSDT,2024-01-27 08:00:00,2024-01-27 11:59:59,41813.99000000,41986.06000000,41745.26000000,41910.47000000,2256.20513000
BTCUSDT,2024-01-27 12:00:00,2024-01-27 15:59:59,41910.48000000,42200.00000000,41910.47000000,42120.63000000,2952.81646000
BTCUSDT,2024-01-27 16:00:00,2024-01-27 19:59:59,42120.63000000,42244.00000000,41925.00000000,42231.83000000,3931.90769000
BTCUSDT,2024-01-27 20:00:00,2024-01-27 23:59:59,42231.84000000,42842.68000000,42228.64000000,42388.82000000,7853.89698000
BTCUSDT,2024-01-28 00:00:00,2024-01-28 03:59:59,42388.82000000,42698.00000000,42323.14000000,42471.98000000,4448.08445000
BTCUSDT,2024-01-28 04:00:00,2024-01-28 07:59:59,42471.98000000,42544.00000000,42155.55000000,42258.01000000,3978.57176000
BTCUSDT,2024-01-28 08:00:00,2024-01-28 11:59:59,42258.00000000,42354.70000000,41721.08000000,41785.92000000,3819.55464000
BTCUSDT,2024-01-28 12:00:00,2024-01-28 15:59:59,41785.91000000,42073.81000000,41620.81000000,42031.06000000,3262.98286000
BTCUSDT,2024-01-28 16:00:00,2024-01-28 19:59:59,42031.05000000,42504.00000000,41874.94000000,42331.20000000,3437.68599000
BTCUSDT,2024-01-28 20:00:00,2024-01-28 23:59:59,42331.19000000,42345.36000000,41988.88000000,42053.46000000,2735.85224000
BTCUSDT,2024-01-29 00:00:00,2024-01-29 03:59:59,42053.45000000,42381.10000000,41961.10000000,42246.95000000,3204.92588000
BTCUSDT,2024-01-29 04:00:00,2024-01-29 07:59:59,42246.95000000,42647.27000000,41804.88000000,42641.75000000,6763.08424000
BTCUSDT,2024-01-29 08:00:00,2024-01-29 11:59:59,42641.75000000,43313.80000000,42518.00000000,42995.99000000,11314.82880000
BTCUSDT,2024-01-29 12:00:00,2024-01-29 15:59:59,42995.99000000,43333.00000000,42982.66000000,43302.70000000,4086.36492000
BTCUSDT,2024-01-29 16:00:00,2024-01-29 19:59:59,43302.71000000,43787.35000000,43133.90000000,43519.71000000,6762.21682000
BTCUSDT,2024-01-29 20:00:00,2024-01-29 23:59:59,43519.71000000,43570.09000000,43259.26000000,43358.25000000,3352.66111000
BTCUSDT,2024-01-30 00:00:00,2024-01-30 03:59:59,43358.24000000,43564.85000000,43215.76000000,43537.74000000,4124.15330000
BTCUSDT,2024-01-30 04:00:00,2024-01-30 07:59:59,43537.75000000,43882.36000000,43114.13000000,43375.50000000,9820.25546000
BTCUSDT,2024-01-30 08:00:00,2024-01-30 11:59:59,43375.50000000,43599.00000000,43224.00000000,43547.98000000,5834.15697000
BTCUSDT,2024-01-30 12:00:00,2024-01-30 15:59:59,43547.99000000,43760.00000000,42683.99000000,42941.10000000,7725.80180000
BTCUSDT,2024-01-30 16:00:00,2024-01-30 19:59:59,42941.10000000,43107.77000000,42655.07000000,42930.07000000,4913.47979000
BTCUSDT,2024-01-30 20:00:00,2024-01-30 23:59:59,42930.06000000,43087.93000000,42871.10000000,43050.01000000,2839.50568000
BTCUSDT,2024-01-31 00:00:00,2024-01-31 03:59:59,43050.01000000,43091.10000000,42355.00000000,42647.98000000,6116.23013000
BTCUSDT,2024-01-31 04:00:00,2024-01-31 07:59:59,42647.98000000,43465.02000000,42521.31000000,43361.10000000,8138.75525000
BTCUSDT,2024-01-31 08:00:00,2024-01-31 11:59:59,43361.11000000,43745.11000000,43041.10000000,43334.64000000,8260.76136000
BTCUSDT,2024-01-31 12:00:00,2024-01-31 15:59:59,43334.63000000,43361.10000000,42276.84000000,42580.00000000,9602.40467000
BTCUSDT,2024-01-31 16:00:00,2024-01-31 19:59:59,42580.00000000,42687.63000000,41884.28000000,42015.65000000,6159.26638000
BTCUSDT,2024-01-31 20:00:00,2024-01-31 23:59:59,42015.65000000,42300.00000000,41889.95000000,42190.16000000,4812.74817000
BTCUSDT,2024-02-01 00:00:00,2024-02-01 03:59:59,42190.15000000,42331.10000000,42026.52000000,42087.52000000,4002.75251000
BTCUSDT,2024-02-01 04:00:00,2024-02-01 07:59:59,42087.52000000,42946.60000000,41944.89000000,42516.12000000,7858.34198000
BTCUSDT,2024-02-01 08:00:00,2024-02-01 11:59:59,42516.12000000,43285.13000000,42364.00000000,43218.94000000,8083.56904000
BTCUSDT,2024-02-01 12:00:00,2024-02-01 15:59:59,43218.94000000,43279.91000000,42872.91000000,43082.94000000,4314.36856000
BTCUSDT,2024-02-01 16:00:00,2024-02-01 19:59:59,43082.95000000,43432.63000000,43026.15000000,43037.25000000,4246.33741000
BTCUSDT,2024-02-01 20:00:00,2024-02-01 23:59:59,43037.25000000,43271.10000000,42943.71000000,43086.89000000,4064.36047000
BTCUSDT,2024-02-02 00:00:00,2024-02-02 03:59:59,43086.90000000,43199.00000000,42941.10000000,43148.41000000,4094.76501000
BTCUSDT,2024-02-02 04:00:00,2024-02-02 07:59:59,43148.42000000,43250.00000000,42546.79000000,43242.09000000,8493.53585000
BTCUSDT,2024-02-02 08:00:00,2024-02-02 11:59:59,43242.10000000,43488.00000000,42783.09000000,43061.97000000,6362.66369000
BTCUSDT,2024-02-02 12:00:00,2024-02-02 15:59:59,43061.98000000,43238.01000000,42900.48000000,43200.00000000,2410.48175000
BTCUSDT,2024-02-02 16:00:00,2024-02-02 19:59:59,43199.99000000,43380.01000000,43142.00000000,43173.94000000,2223.22292000
BTCUSDT,2024-02-02 20:00:00,2024-02-02 23:59:59,43173.95000000,43222.75000000,43040.00000000,43053.05000000,1346.11611000
BTCUSDT,2024-02-03 00:00:00,2024-02-03 03:59:59,43053.05000000,43125.28000000,42973.66000000,42995.04000000,1810.42438000
BTCUSDT,2024-02-03 04:00:00,2024-02-03 07:59:59,42995.04000000,43190.00000000,42880.00000000,43119.06000000,2505.96267000
BTCUSDT,2024-02-03 08:00:00,2024-02-03 11:59:59,43119.06000000,43270.00000000,43016.28000000,43061.09000000,2671.62087000
BTCUSDT,2024-02-03 12:00:00,2024-02-03 15:59:59,43061.09000000,43104.68000000,42953.33000000,43011.09000000,1476.06303000
BTCUSDT,2024-02-03 16:00:00,2024-02-03 19:59:59,43011.10000000,43068.79000000,42880.01000000,43027.16000000,1456.91888000
BTCUSDT,2024-02-03 20:00:00,2024-02-03 23:59:59,43027.16000000,43029.17000000,42720.07000000,42845.03000000,2208.36902000
BTCUSDT,2024-02-04 00:00:00,2024-02-04 03:59:59,42845.03000000,43119.04000000,42741.60000000,43060.10000000,2577.95374000
BTCUSDT,2024-02-04 04:00:00,2024-02-04 07:59:59,43060.09000000,43115.76000000,42845.51000000,42943.21000000,2544.71311000
BTCUSDT,2024-02-04 08:00:00,2024-02-04 11:59:59,42943.20000000,42969.79000000,42573.17000000,42636.44000000,3608.11375000
BTCUSDT,2024-02-04 12:00:00,2024-02-04 15:59:59,42636.43000000,42985.73000000,42222.00000000,42582.88000000,4670.82554000
BTCUSDT,2024-02-04 16:00:00,2024-02-04 19:59:59,42582.88000000,42729.02000000,42258.10000000,42718.31000000,3709.01020000
BTCUSDT,2024-02-04 20:00:00,2024-02-04 23:59:59,42718.31000000,43176.39000000,42642.00000000,43071.88000000,4182.30255000
BTCUSDT,2024-02-05 00:00:00,2024-02-05 03:59:59,43071.87000000,43268.98000000,42954.54000000,43194.08000000,4074.55774000
BTCUSDT,2024-02-05 04:00:00,2024-02-05 07:59:59,43194.08000000,43569.76000000,42600.11000000,42644.03000000,8010.04502000
BTCUSDT,2024-02-05 08:00:00,2024-02-05 11:59:59,42644.04000000,42869.66000000,42501.00000000,42765.36000000,5069.38976000
BTCUSDT,2024-02-05 12:00:00,2024-02-05 15:59:59,42765.35000000,42798.37000000,42330.52000000,42708.70000000,4422.45378000
BTCUSDT,2024-02-05 16:00:00,2024-02-05 19:59:59,42708.70000000,42960.01000000,42574.00000000,42851.11000000,2897.16519000
BTCUSDT,2024-02-05 20:00:00,2024-02-05 23:59:59,42851.10000000,42926.73000000,42667.00000000,42890.00000000,2201.29331000
BTCUSDT,2024-02-06 00:00:00,2024-02-06 03:59:59,42889.99000000,43119.90000000,42670.61000000,42826.96000000,5579.67740000
BTCUSDT,2024-02-06 04:00:00,2024-02-06 07:59:59,42826.96000000,43270.89000000,42658.00000000,43244.89000000,5949.73363000
BTCUSDT,2024-02-06 08:00:00,2024-02-06 11:59:59,43244.89000000,43399.98000000,43000.00000000,43278.78000000,5091.59374000
BTCUSDT,2024-02-06 12:00:00,2024-02-06 15:59:59,43278.79000000,43322.00000000,43032.71000000,43098.95000000,2956.39106000
BTCUSDT,2024-02-06 16:00:00,2024-02-06 19:59:59,43098.96000000,43192.00000000,42788.00000000,42800.00000000,2968.09769000
BTCUSDT,2024-02-06 20:00:00,2024-02-06 23:59:59,42799.99000000,43051.10000000,42794.67000000,42918.03000000,2473.25345000
BTCUSDT,2024-02-07 00:00:00,2024-02-07 03:59:59,42918.02000000,43200.00000000,42838.01000000,42928.29000000,3301.41540000
BTCUSDT,2024-02-07 04:00:00,2024-02-07 07:59:59,42928.28000000,43325.03000000,42890.51000000,43071.08000000,5174.63854000
BTCUSDT,2024-02-07 08:00:00,2024-02-07 11:59:59,43071.08000000,43710.00000000,43013.75000000,43615.47000000,9646.81430000
BTCUSDT,2024-02-07 12:00:00,2024-02-07 15:59:59,43615.47000000,44396.50000000,43615.47000000,44349.60000000,10828.37977000
BTCUSDT,2024-02-07 16:00:00,2024-02-07 19:59:59,44349.60000000,44780.00000000,44331.10000000,44540.99000000,8836.19603000
BTCUSDT,2024-02-07 20:00:00,2024-02-07 23:59:59,44540.98000000,44633.78000000,44427.01000000,44513.24000000,3474.51592000
BTCUSDT,2024-02-08 00:00:00,2024-02-08 03:59:59,44513.25000000,44885.00000000,44513.24000000,44698.97000000,5858.27712000
BTCUSDT,2024-02-08 04:00:00,2024-02-08 07:59:59,44698.97000000,45467.14000000,44606.00000000,45432.30000000,11913.40369000
BTCUSDT,2024-02-08 08:00:00,2024-02-08 11:59:59,45432.30000000,45498.00000000,44890.00000000,45284.14000000,8933.58857000
BTCUSDT,2024-02-08 12:00:00,2024-02-08 15:59:59,45284.13000000,45614.30000000,45227.00000000,45288.65000000,6423.64098000
BTCUSDT,2024-02-08 16:00:00,2024-02-08 19:59:59,45288.66000000,46384.27000000,45242.12000000,46060.74000000,9482.53987000
BTCUSDT,2024-02-08 20:00:00,2024-02-08 23:59:59,46060.74000000,46425.03000000,45855.00000000,46202.00000000,6811.23297000
BTCUSDT,2024-02-09 00:00:00,2024-02-09 03:59:59,46202.01000000,47299.88000000,46201.53000000,47180.02000000,11572.91301000
BTCUSDT,2024-02-09 04:00:00,2024-02-09 07:59:59,47180.01000000,47719.44000000,46652.00000000,47159.99000000,21197.65997000
BTCUSDT,2024-02-09 08:00:00,2024-02-09 11:59:59,47159.99000000,48200.00000000,47134.00000000,47509.48000000,16961.19039000
BTCUSDT,2024-02-09 12:00:00,2024-02-09 15:59:59,47509.48000000,47693.28000000,47035.92000000,47132.77000000,7477.94479000
BTCUSDT,2024-02-09 16:00:00,2024-02-09 19:59:59,47132.78000000,47504.00000000,47044.88000000,47376.62000000,3901.03702000
BTCUSDT,2024-02-09 20:00:00,2024-02-09 23:59:59,47376.62000000,47430.03000000,47145.40000000,47151.72000000,2155.29282000
BTCUSDT,2024-02-10 00:00:00,2024-02-10 03:59:59,47151.72000000,47274.00000000,46800.00000000,47182.00000000,4546.93534000
BTCUSDT,2024-02-10 04:00:00,2024-02-10 07:59:59,47182.01000000,47378.41000000,47105.44000000,47353.48000000,3624.87877000
BTCUSDT,2024-02-10 08:00:00,2024-02-10 11:59:59,47353.48000000,47660.00000000,47154.52000000,47531.09000000,3381.00187000
BTCUSDT,2024-02-10 12:00:00,2024-02-10 15:59:59,47531.09000000,48170.00000000,47454.37000000,47751.09000000,7193.21354000
BTCUSDT,2024-02-10 16:00:00,2024-02-10 19:59:59,47751.08000000,48557.00000000,47557.16000000,48519.61000000,6452.94117000
BTCUSDT,2024-02-10 20:00:00,2024-02-10 23:59:59,48519.60000000,48592.66000000,48061.10000000,48179.52000000,4752.43271000
BTCUSDT,2024-02-11 00:00:00,2024-02-11 03:59:59,48179.51000000,48438.81000000,47922.33000000,48411.71000000,3906.99024000
BTCUSDT,2024-02-11 04:00:00,2024-02-11 07:59:59,48411.71000000,48469.07000000,47931.82000000,48150.43000000,5466.21997000
BTCUSDT,2024-02-11 08:00:00,2024-02-11 11:59:59,48150.43000000,48394.29000000,47948.38000000,48284.00000000,4641.41321000
BTCUSDT,2024-02-11 12:00:00,2024-02-11 15:59:59,48283.99000000,48375.00000000,47971.18000000,48299.99000000,4738.81107000
BTCUSDT,2024-02-11 16:00:00,2024-02-11 19:59:59,48300.00000000,48826.81000000,48009.52000000,48145.00000000,7723.68614000
BTCUSDT,2024-02-11 20:00:00,2024-02-11 23:59:59,48145.00000000,48382.27000000,47755.81000000,48203.98000000,4444.91925000
BTCUSDT,2024-02-12 00:00:00,2024-02-12 03:59:59,48203.98000000,48311.15000000,47710.01000000,47903.03000000,5444.77082000
BTCUSDT,2024-02-12 04:00:00,2024-02-12 07:59:59,47903.04000000,49950.00000000,47841.00000000,49917.80000000,16721.55061000
BTCUSDT,2024-02-12 08:00:00,2024-02-12 11:59:59,49917.80000000,50334.82000000,49372.22000000,49532.03000000,17277.94580000
BTCUSDT,2024-02-12 12:00:00,2024-02-12 15:59:59,49532.02000000,50271.02000000,49532.02000000,49917.27000000,7397.09443000
BTCUSDT,2024-02-12 16:00:00,2024-02-12 19:59:59,49917.28000000,50368.61000000,49724.33000000,49789.99000000,6175.21021000
BTCUSDT,2024-02-12 20:00:00,2024-02-12 23:59:59,49790.00000000,50117.84000000,49789.99000000,49983.09000000,4055.06807000
BTCUSDT,2024-02-13 00:00:00,2024-02-13 03:59:59,49983.09000000,50247.00000000,49650.00000000,49988.12000000,8824.89385000
BTCUSDT,2024-02-13 04:00:00,2024-02-13 07:59:59,49988.12000000,49996.00000000,48400.00000000,48727.47000000,19358.47315000
BTCUSDT,2024-02-13 08:00:00,2024-02-13 11:59:59,48727.47000000,49268.21000000,48300.95000000,49036.73000000,10392.26078000
BTCUSDT,2024-02-13 12:00:00,2024-02-13 15:59:59,49036.74000000,49775.00000000,49011.10000000,49699.59000000,6745.66100000
BTCUSDT,2024-02-13 16:00:00,2024-02-13 19:59:59,49699.60000000,49712.94000000,49333.00000000,49518.61000000,3206.45301000
BTCUSDT,2024-02-13 20:00:00,2024-02-13 23:59:59,49518.61000000,49877.22000000,49225.01000000,49838.93000000,3998.92481000
BTCUSDT,2024-02-14 00:00:00,2024-02-14 03:59:59,49838.93000000,51723.08000000,49741.19000000,51555.12000000,19901.12485000
BTCUSDT,2024-02-14 04:00:00,2024-02-14 07:59:59,51555.12000000,52043.71000000,51276.24000000,51590.00000000,15434.55068000
BTCUSDT,2024-02-14 08:00:00,2024-02-14 11:59:59,51590.00000000,51750.00000000,51200.24000000,51678.00000000,8869.42094000
BTCUSDT,2024-02-14 12:00:00,2024-02-14 15:59:59,51677.99000000,51888.00000000,51464.00000000,51795.17000000,5635.89972000
BTCUSDT,2024-02-14 16:00:00,2024-02-14 19:59:59,51795.17000000,52500.00000000,51717.58000000,52343.32000000,9485.19698000
BTCUSDT,2024-02-14 20:00:00,2024-02-14 23:59:59,52343.32000000,52364.55000000,51634.01000000,51776.61000000,6158.65559000
BTCUSDT,2024-02-15 00:00:00,2024-02-15 03:59:59,51776.60000000,52498.12000000,51650.00000000,52330.00000000,6781.21145000
BTCUSDT,2024-02-15 04:00:00,2024-02-15 07:59:59,52330.00000000,52816.62000000,51721.31000000,51948.23000000,13915.59154000
BTCUSDT,2024-02-15 08:00:00,2024-02-15 11:59:59,51948.24000000,52380.00000000,51725.00000000,52002.01000000,9258.37794000
BTCUSDT,2024-02-15 12:00:00,2024-02-15 15:59:59,52002.01000000,52011.10000000,51314.00000000,51880.00000000,8216.99705000
BTCUSDT,2024-02-15 16:00:00,2024-02-15 19:59:59,51880.01000000,52328.00000000,51803.60000000,52280.25000000,4925.24862000
BTCUSDT,2024-02-15 20:00:00,2024-02-15 23:59:59,52280.25000000,52343.28000000,51700.00000000,51731.99000000,5910.92632000
BTCUSDT,2024-02-16 00:00:00,2024-02-16 03:59:59,51732.00000000,52435.86000000,51566.00000000,52213.86000000,8723.49444000
BTCUSDT,2024-02-16 04:00:00,2024-02-16 07:59:59,52213.87000000,52572.08000000,51592.88000000,51888.01000000,10491.97637000
BTCUSDT,2024-02-16 08:00:00,2024-02-16 11:59:59,51888.01000000,52245.00000000,51655.00000000,51756.29000000,4781.76179000
BTCUSDT,2024-02-16 12:00:00,2024-02-16 15:59:59,51756.29000000,52208.43000000,51681.10000000,52124.11000000,2938.84564000
BTCUSDT,2024-02-16 16:00:00,2024-02-16 19:59:59,52124.10000000,52162.82000000,51846.84000000,51968.75000000,1748.64047000
BTCUSDT,2024-02-16 20:00:00,2024-02-16 23:59:59,51968.75000000,52057.54000000,51792.00000000,51911.33000000,1813.90033000
BTCUSDT,2024-02-17 00:00:00,2024-02-17 03:59:59,51911.34000000,51911.34000000,51500.00000000,51690.48000000,3811.13615000
BTCUSDT,2024-02-17 04:00:00,2024-02-17 07:59:59,51690.47000000,51735.68000000,50625.00000000,50984.56000000,9664.71243000
BTCUSDT,2024-02-17 08:00:00,2024-02-17 11:59:59,50984.56000000,51444.00000000,50741.10000000,51394.43000000,4387.33024000
BTCUSDT,2024-02-17 12:00:00,2024-02-17 15:59:59,51394.44000000,52030.18000000,51303.00000000,51642.64000000,4248.28660000
BTCUSDT,2024-02-17 16:00:00,2024-02-17 19:59:59,51642.64000000,51798.99000000,51163.28000000,51479.99000000,3342.20712000
BTCUSDT,2024-02-17 20:00:00,2024-02-17 23:59:59,51479.99000000,51750.60000000,51405.52000000,51671.10000000,2668.90841000
BTCUSDT,2024-02-18 00:00:00,2024-02-18 03:59:59,51671.10000000,52069.00000000,51644.00000000,51832.01000000,3445.09907000
BTCUSDT,2024-02-18 04:00:00,2024-02-18 07:59:59,51832.01000000,51948.57000000,51535.01000000,51773.99000000,3523.91039000
BTCUSDT,2024-02-18 08:00:00,2024-02-18 11:59:59,51774.00000000,51980.73000000,51647.25000000,51758.12000000,3340.56645000
BTCUSDT,2024-02-18 12:00:00,2024-02-18 15:59:59,51758.13000000,52377.00000000,51587.40000000,52137.67000000,5671.41219000
BTCUSDT,2024-02-18 16:00:00,2024-02-18 19:59:59,52137.68000000,52428.78000000,51904.83000000,52063.81000000,4612.31179000
BTCUSDT,2024-02-18 20:00:00,2024-02-18 23:59:59,52063.80000000,52488.77000000,51989.21000000,52394.04000000,4434.73522000
BTCUSDT,2024-02-19 00:00:00,2024-02-19 03:59:59,52394.04000000,52450.00000000,52063.52000000,52336.22000000,4670.22420000
BTCUSDT,2024-02-19 04:00:00,2024-02-19 07:59:59,52336.22000000,52454.11000000,52027.00000000,52127.99000000,5672.19056000
BTCUSDT,2024-02-19 08:00:00,2024-02-19 11:59:59,52127.99000000,52230.00000000,51677.00000000,51820.61000000,6367.05864000
BTCUSDT,2024-02-19 12:00:00,2024-02-19 15:59:59,51820.61000000,52110.00000000,51705.11000000,51774.73000000,3778.47391000
BTCUSDT,2024-02-19 16:00:00,2024-02-19 19:59:59,51774.74000000,51832.01000000,51311.00000000,51580.23000000,5264.00845000
BTCUSDT,2024-02-19 20:00:00,2024-02-19 23:59:59,51580.23000000,52039.91000000,51510.00000000,51839.28000000,3718.97659000
BTCUSDT,2024-02-20 00:00:00,2024-02-20 03:59:59,51839.28000000,52380.00000000,51560.00000000,52286.80000000,7446.13718000
BTCUSDT,2024-02-20 04:00:00,2024-02-20 07:59:59,52286.80000000,52985.00000000,51340.00000000,51680.00000000,17302.62916000
BTCUSDT,2024-02-20 08:00:00,2024-02-20 11:59:59,51679.99000000,52138.31000000,50760.37000000,52101.11000000,10418.63903000
BTCUSDT,2024-02-20 12:00:00,2024-02-20 15:59:59,52101.10000000,52517.30000000,51901.10000000,52258.82000000,5464.08277000
BTCUSDT,2024-02-20 16:00:00,2024-02-20 19:59:59,52258.82000000,52366.80000000,51988.91000000,52001.99000000,3369.43954000
BTCUSDT,2024-02-20 20:00:00,2024-02-20 23:59:59,52002.00000000,52113.39000000,51452.45000000,51568.64000000,4064.16140000
BTCUSDT,2024-02-21 00:00:00,2024-02-21 03:59:59,51568.64000000,51787.04000000,50813.00000000,50965.53000000,9380.34826000
BTCUSDT,2024-02-21 04:00:00,2024-02-21 07:59:59,50965.53000000,51442.26000000,50625.00000000,51156.00000000,11653.57718000
BTCUSDT,2024-02-21 08:00:00,2024-02-21 11:59:59,51156.00000000,51427.43000000,50649.28000000,51058.00000000,7754.08258000
BTCUSDT,2024-02-21 12:00:00,2024-02-21 15:59:59,51057.99000000,51950.01000000,50862.50000000,51849.39000000,6857.79153000
BTCUSDT,2024-02-21 16:00:00,2024-02-21 19:59:59,51849.38000000,51878.18000000,51153.69000000,51586.10000000,4685.41723000
BTCUSDT,2024-02-21 20:00:00,2024-02-21 23:59:59,51586.10000000,51910.32000000,51352.00000000,51827.63000000,4426.10745000
BTCUSDT,2024-02-22 00:00:00,2024-02-22 03:59:59,51827.63000000,52034.12000000,51517.63000000,51622.04000000,5505.24135000
BTCUSDT,2024-02-22 04:00:00,2024-02-22 07:59:59,51622.05000000,51733.05000000,50940.78000000,51602.40000000,8605.10808000
BTCUSDT,2024-02-22 08:00:00,2024-02-22 11:59:59,51602.41000000,51750.01000000,51400.00000000,51509.99000000,5304.84860000
BTCUSDT,2024-02-22 12:00:00,2024-02-22 15:59:59,51509.99000000,52065.78000000,51184.04000000,51288.42000000,6782.72303000
BTCUSDT,2024-02-22 16:00:00,2024-02-22 19:59:59,51288.42000000,51548.54000000,50971.11000000,51100.00000000,4695.56436000
BTCUSDT,2024-02-22 20:00:00,2024-02-22 23:59:59,51100.00000000,51321.92000000,50889.00000000,50915.96000000,3958.88987000
BTCUSDT,2024-02-23 00:00:00,2024-02-23 03:59:59,50915.95000000,51263.22000000,50830.00000000,51218.95000000,4762.09300000
BTCUSDT,2024-02-23 04:00:00,2024-02-23 07:59:59,51218.94000000,51333.47000000,50800.32000000,50911.11000000,8302.82835000
BTCUSDT,2024-02-23 08:00:00,2024-02-23 11:59:59,50911.10000000,51195.18000000,50629.33000000,51099.09000000,5650.67880000
BTCUSDT,2024-02-23 12:00:00,2024-02-23 15:59:59,51099.09000000,51162.04000000,50521.00000000,50744.15000000,3175.74106000
BTCUSDT,2024-02-23 16:00:00,2024-02-23 19:59:59,50744.15000000,50907.14000000,50585.00000000,50849.97000000,2775.43339000
BTCUSDT,2024-02-23 20:00:00,2024-02-23 23:59:59,50849.96000000,51103.87000000,50826.47000000,51068.70000000,2424.36167000
BTCUSDT,2024-02-24 00:00:00,2024-02-24 03:59:59,51068.70000000,51172.06000000,50953.00000000,51119.79000000,2450.32792000
BTCUSDT,2024-02-24 04:00:00,2024-02-24 07:59:59,51119.79000000,51180.41000000,51032.34000000,51099.34000000,1990.44790000
BTCUSDT,2024-02-24 08:00:00,2024-02-24 11:59:59,51099.35000000,51698.00000000,51094.99000000,51557.07000000,4634.38652000
BTCUSDT,2024-02-24 12:00:00,2024-02-24 15:59:59,51557.08000000,51666.00000000,51437.84000000,51568.22000000,2285.46370000
BTCUSDT,2024-02-24 16:00:00,2024-02-24 19:59:59,51568.21000000,51898.72000000,51438.88000000,51624.99000000,3601.71905000
BTCUSDT,2024-02-24 20:00:00,2024-02-24 23:59:59,51625.00000000,51800.03000000,51509.00000000,51719.28000000,2307.35285000
BTCUSDT,2024-02-25 00:00:00,2024-02-25 03:59:59,51719.28000000,51777.64000000,51531.73000000,51645.00000000,1998.19169000
BTCUSDT,2024-02-25 04:00:00,2024-02-25 07:59:59,51645.00000000,51780.00000000,51436.67000000,51524.02000000,3015.06690000
BTCUSDT,2024-02-25 08:00:00,2024-02-25 11:59:59,51524.02000000,51738.85000000,51279.80000000,51672.96000000,3855.78862000
BTCUSDT,2024-02-25 12:00:00,2024-02-25 15:59:59,51672.97000000,51958.55000000,51640.88000000,51728.85000000,3943.51248000
BTCUSDT,2024-02-25 16:00:00,2024-02-25 19:59:59,51728.85000000,51796.50000000,51400.00000000,51555.59000000,2849.56680000
BTCUSDT,2024-02-25 20:00:00,2024-02-25 23:59:59,51555.60000000,51598.06000000,51288.18000000,51293.26000000,2965.61094000
BTCUSDT,2024-02-26 00:00:00,2024-02-26 03:59:59,51293.26000000,51374.66000000,50901.44000000,51090.01000000,5428.89999000
BTCUSDT,2024-02-26 04:00:00,2024-02-26 07:59:59,51090.01000000,52847.84000000,50957.00000000,52842.32000000,11761.16940000
BTCUSDT,2024-02-26 08:00:00,2024-02-26 11:59:59,52842.33000000,54512.02000000,52753.28000000,54487.11000000,19931.38279000
BTCUSDT,2024-02-26 12:00:00,2024-02-26 15:59:59,54487.10000000,54910.00000000,54258.20000000,54476.47000000,8320.09207000
BTCUSDT,2024-02-26 16:00:00,2024-02-26 19:59:59,54476.48000000,57073.84000000,54450.13000000,55667.60000000,17222.69430000
BTCUSDT,2024-02-26 20:00:00,2024-02-26 23:59:59,55667.60000000,56448.00000000,55576.12000000,56059.08000000,8813.40604000
BTCUSDT,2024-02-27 00:00:00,2024-02-27 03:59:59,56059.09000000,56818.02000000,56023.80000000,56527.79000000,8262.13357000
BTCUSDT,2024-02-27 04:00:00,2024-02-27 07:59:59,56527.80000000,57416.93000000,56457.26000000,56745.66000000,15703.72150000
BTCUSDT,2024-02-27 08:00:00,2024-02-27 11:59:59,56745.66000000,57588.15000000,56209.00000000,57339.68000000,10002.01696000
BTCUSDT,2024-02-27 12:00:00,2024-02-27 15:59:59,57339.69000000,57359.00000000,56579.84000000,57037.34000000,7191.01325000
BTCUSDT,2024-02-27 16:00:00,2024-02-27 19:59:59,57037.35000000,57101.10000000,56691.85000000,56916.40000000,3603.53596000
BTCUSDT,2024-02-27 20:00:00,2024-02-27 23:59:59,56916.39000000,58379.57000000,56894.16000000,58241.10000000,7636.88153000
BTCUSDT,2024-02-28 00:00:00,2024-02-28 03:59:59,58241.09000000,59494.06000000,58171.11000000,58941.11000000,19224.20294000
BTCUSDT,2024-02-28 04:00:00,2024-02-28 07:59:59,58941.11000000,61360.00000000,58891.10000000,60966.22000000,26368.91820000
BTCUSDT,2024-02-28 08:00:00,2024-02-28 11:59:59,60966.22000000,64000.00000000,58700.00000000,60951.11000000,45415.56810000
BTCUSDT,2024-02-28 12:00:00,2024-02-28 15:59:59,60951.10000000,62647.04000000,59797.57000000,62432.10000000,16514.36311000
BTCUSDT,2024-02-28 16:00:00,2024-02-28 19:59:59,62432.11000000,62438.22000000,61021.10000000,61561.33000000,10084.02851000
BTCUSDT,2024-02-28 20:00:00,2024-02-28 23:59:59,61561.34000000,63676.35000000,61334.59000000,62707.17000000,14931.15457000
BTCUSDT,2024-02-29 00:00:00,2024-02-29 03:59:59,62707.17000000,63340.95000000,62111.10000000,62936.02000000,11918.80476000
BTCUSDT,2024-02-29 04:00:00,2024-02-29 07:59:59,62936.02000000,63531.88000000,62051.11000000,62768.02000000,12976.74161000
BTCUSDT,2024-02-29 08:00:00,2024-02-29 11:59:59,62768.01000000,62879.30000000,60364.70000000,61600.00000000,17118.24110000
BTCUSDT,2024-02-29 12:00:00,2024-02-29 15:59:59,61599.99000000,62285.47000000,60584.07000000,61130.98000000,11396.10548000
BTCUSDT,2024-02-29 16:00:00,2024-02-29 19:59:59,61130.99000000,61749.00000000,60777.00000000,61105.91000000,6345.57641000
BTCUSDT,2024-02-29 20:00:00,2024-02-29 23:59:59,61105.92000000,61772.82000000,61061.11000000,61434.00000000,5719.40504000
BTCUSDT,2024-03-01 00:00:00,2024-03-01 03:59:59,61434.00000000,62243.53000000,61316.67000000,61863.72000000,8452.27991000
BTCUSDT,2024-03-01 04:00:00,2024-03-01 07:59:59,61863.71000000,62677.06000000,61131.01000000,61263.99000000,9971.27905000
BTCUSDT,2024-03-01 08:00:00,2024-03-01 11:59:59,61263.98000000,62494.31000000,61234.00000000,62215.50000000,7886.35574000
BTCUSDT,2024-03-01 12:00:00,2024-03-01 15:59:59,62215.51000000,63114.23000000,62215.50000000,62387.90000000,9363.03858000
BTCUSDT,2024-03-01 16:00:00,2024-03-01 19:59:59,62387.90000000,62433.19000000,61949.03000000,62307.45000000,5441.91324000
BTCUSDT,2024-03-01 20:00:00,2024-03-01 23:59:59,62307.45000000,62307.45000000,61752.30000000,62011.85000000,4846.35512000
BTCUSDT,2024-03-02 00:00:00,2024-03-02 03:59:59,62011.85000000,62123.00000000,61641.10000000,61826.32000000,4411.57189000
BTCUSDT,2024-03-02 04:00:00,2024-03-02 07:59:59,61826.32000000,62167.79000000,61561.12000000,61771.20000000,4301.35084000
BTCUSDT,2024-03-02 08:00:00,2024-03-02 11:59:59,61771.21000000,62114.77000000,61625.00000000,62114.77000000,3418.28795000
BTCUSDT,2024-03-02 12:00:00,2024-03-02 15:59:59,62114.76000000,62200.00000000,61685.01000000,61987.28000000,3115.25755000
BTCUSDT,2024-03-02 16:00:00,2024-03-02 19:59:59,61987.28000000,62000.00000000,61642.39000000,61931.09000000,3127.09906000
